<?xml version="1.0"?>
<!DOCTYPE reference PUBLIC "-//OASIS//DTD DocBook XML V4.3//EN"
	"http://www.oasis-open.org/docbook/xml/4.3/docbookx.dtd"
[
  <!ENTITY % local.common.attrib "xmlns:xi  CDATA  #FIXED 'http://www.w3.org/2003/XInclude'">
]>
<reference id="api-base1">
  <title>API: base1</title>

  <partintro>
    <para>This package contains basic support API available to other packages.</para>
  </partintro>

  <xi:include href="api-cockpit.xml"/>

  <xi:include href="cockpit-dbus.xml"/>
  <xi:include href="cockpit-file.xml"/>
  <xi:include href="cockpit-http.xml"/>
  <xi:include href="cockpit-spawn.xml"/>
  <xi:include href="cockpit-metrics.xml"/>
  <xi:include href="cockpit-series.xml"/>
  <xi:include href="cockpit-channel.xml"/>

  <xi:include href="cockpit-location.xml"/>

  <xi:include href="cockpit-locale.xml"/>
  <xi:include href="cockpit-error.xml"/>
  <xi:include href="cockpit-session.xml"/>
  <xi:include href="cockpit-util.xml"/>
  <xi:include href="cockpit-cache.xml"/>
  <xi:include href="cockpit-manifest.xml"/>
</reference>
