<?xml version="1.0"?>
<!DOCTYPE chapter PUBLIC "-//OASIS//DTD DocBook XML V4.3//EN"
	"http://www.oasis-open.org/docbook/xml/4.3/docbookx.dtd">
<chapter id="feature-journal">
  <title>Journal</title>
  <para>The systemd journal provides Cockpit with indexed log data. This log data
    is found on the Journal page, as well as in various other places when configuring
    services, storage, networking etc.</para>

  <para>Cockpit accesses Journal data via the
    <ulink url="https://www.freedesktop.org/software/systemd/man/journalctl.html"><code>journalctl</code></ulink>
    command. Similar tasks can be performed at the command line:</para>

<programlisting>
$ <command>sudo journalctl -f -u docker</command>
...
</programlisting>

</chapter>
