{
   "kind":"List",
   "apiVersion":"v1",
   "items":[
      {
         "kind":"ReplicationController",
         "apiVersion":"v1",
         "metadata":{
            "name":"database",
            "labels":{
               "name":"database",
               "template":"ruby-helloworld-sample"
            }
         },
         "spec":{
            "replicas":1,
            "selector":{
               "name":"database",
               "template":"ruby-helloworld-sample"
            },
            "template":{
               "metadata":{
                  "labels":{
                     "name":"database",
                     "template":"ruby-helloworld-sample"
                  }
               },
               "spec":{
                  "containers":[
                     {
                        "name":"ruby-helloworld-database",
                        "image":"mysql",
                        "ports":[
                           {
                              "containerPort":3306,
                              "protocol":"TCP"
                           }
                        ],
                        "env":[
                           {
                              "name":"MYSQL_ROOT_PASSWORD",
                              "key":"MYSQL_ROOT_PASSWORD",
                              "value":"rQHfVnTo"
                           },
                           {
                              "name":"MYSQL_DATABASE",
                              "key":"MYSQL_DATABASE",
                              "value":"root"
                           }
                        ]
                     }
                  ]
               }
            }
         }
      },
      {
         "kind":"ReplicationController",
         "apiVersion":"v1",
         "metadata":{
            "name":"frontend",
            "labels":{
               "name":"frontend",
               "template":"ruby-helloworld-sample"
            }
         },
         "spec":{
            "replicas":1,
            "selector":{
               "name":"frontend",
               "template":"ruby-helloworld-sample"
            },
            "template":{
               "metadata":{
                  "labels":{
                     "name":"frontend",
                     "template":"ruby-helloworld-sample"
                  }
               },
               "spec":{
                  "containers":[
                     {
                        "name":"ruby-helloworld",
                        "image":"openshift/ruby-hello-world",
                        "ports":[
                           {
                              "containerPort":8080,
                              "protocol":"TCP"
                           }
                        ],
                        "env":[
                           {
                              "name":"ADMIN_USERNAME",
                              "key":"ADMIN_USERNAME",
                              "value":"admin6TM"
                           },
                           {
                              "name":"ADMIN_PASSWORD",
                              "key":"ADMIN_PASSWORD",
                              "value":"xImx1tHR"
                           },
                           {
                              "name":"MYSQL_ROOT_PASSWORD",
                              "key":"MYSQL_ROOT_PASSWORD",
                              "value":"rQHfVnTo"
                           },
                           {
                              "name":"MYSQL_DATABASE",
                              "key":"MYSQL_DATABASE",
                              "value":"root"
                           }
                        ],
                        "capabilities":{

                        }
                     }
                  ]
               }
            }
         }
      },
      {
         "kind":"Service",
         "apiVersion":"v1",
         "metadata":{
            "name":"database",
            "labels":{
               "name":"database",
               "template":"ruby-helloworld-sample"
            }
         },
         "spec":{
             "ports": [{
                 "name": "",
                 "protocol": "TCP",
                 "port": 5434,
                 "targetPort": 3306
             }],
            "selector":{
               "name":"database"
            }
         }
      },
      {
         "kind":"Service",
         "apiVersion":"v1",
         "metadata":{
            "name":"frontend",
            "labels":{
               "name":"frontend",
               "template":"ruby-helloworld-sample"
            }
         },
         "spec":{
             "ports": [{
                 "name": "",
                 "protocol": "TCP",
                 "port": 80,
                 "targetPort": 8080
             }],
            "selector":{
               "name":"frontend"
            }
         }
      }
   ]
}
