{
  "kind": "List",
  "apiVersion": "v1",
  "items": [

    {
      "kind": "Pod",
      "apiVersion": "v1",
      "metadata": {
        "name": "redis-master",
        "labels": {
          "name": "redis-master"
        }
      },
      "spec": {
        "containers": [
          {
            "name": "master",
            "image": "stefwalter/redis:latest",
            "ports": [
              {
                "containerPort": 6379,
                "protocol": "TCP"
              }
            ]
          }
        ]
      }
    },

    {
      "kind": "Service",
      "apiVersion": "v1",
      "metadata": {
        "name": "redis-master",
        "labels": {
          "name": "redis-master"
        }
      },
      "spec": {
        "ports": [
          {
            "port": 6379,
            "targetPort": 6379,
            "protocol": "TCP"
          }
        ],
        "selector":{
          "name": "redis-master"
        }
      }
    },

    {
      "kind": "ReplicationController",
      "apiVersion": "v1",
      "metadata": {
        "name": "redis-slave",
        "labels": {
          "name": "redis-slave"
        }
      },
      "spec": {
        "replicas": 2,
        "selector": {
          "name": "redis-slave"
        },
        "template": {
          "metadata": {
            "labels": {
              "name": "redis-slave"
            }
          },
          "spec": {
            "containers": [
              {
                "name": "slave",
                "image": "stefwalter/redis-slave:v2",
                "ports": [
                  {
                    "containerPort": 6379,
                    "protocol": "TCP"
                  }
                ]
              }
            ]
          }
        }
      }
    },

    {
      "kind": "Service",
      "apiVersion": "v1",
      "metadata": {
        "name": "redis-slave",
        "labels": {
          "name": "redis-slave"
        }
      },
      "spec": {
        "ports": [
          {
            "port": 6379,
            "targetPort": 6379,
            "protocol": "TCP"
          }
        ],
        "selector": {
          "name": "redis-slave"
        }
      }
    },

    {
      "kind": "ReplicationController",
      "apiVersion": "v1",
      "metadata": {
        "name": "frontend",
        "labels": {
          "name": "frontend"
        }
      },
      "spec": {
        "replicas": 3,
        "selector": {
          "name": "frontend"
        },
        "template": {
          "metadata": {
            "labels": {
              "name":"frontend"
            }
          },
          "spec": {
            "containers": [
              {
                "name": "php-redis",
                "image": "stefwalter/example-guestbook-php-redis:v2",
                "ports": [
                   {
                     "containerPort": 80,
                     "protocol": "TCP"
                   }
                ]
              }
            ]
          }
        }
      }
    },

    {
      "kind": "Service",
      "apiVersion": "v1",
      "metadata": {
        "name": "frontend",
        "labels": {
          "name": "frontend"
        }
      },
      "spec": {
        "ports": [
          {
            "port":80,
            "targetPort":80,
            "protocol":"TCP"
          }
        ],
        "selector":{
          "name":"frontend"
        }
      }
    }

  ]
}

