{
    "kind": "ReplicationController",
    "apiVersion": "v1",
    "metadata": {
        "name": "tiny-nginx"
    },
    "spec": {
        "replicas": 2,
        "selector": {
            "name": "tiny-nginx"
        },
        "template": {
            "metadata": {
                "labels": {
                    "name": "tiny-nginx"
                }
            },
            "spec": {
                "containers": [
                    {
                        "name": "tiny-nginx",
                        "image": "fedora/nginx",
                        "ports": [
                            {
                                "containerPort": 80,
                                "protocol": "TCP"
                            }
                        ]
                    }
                ]
            }
        }
    }
}

